time_s,seq,latitude_deg,longitude_deg,altitude_m,roll_deg,vn_mps,ve_mps,elapsed_s,estimated_wind_n_mps,estimated_wind_e_mps,indicated_airspeed_mps
123.824,1,-35.3609018,149.1639598,99.62,14.789458128700092,10.64,2.83,-0.2469999999999999,-4.636456163536196,-9.978360235650724,19.99677848815918
123.924,1,-35.360892299999996,149.1639629,99.655,14.874178087617638,10.52,2.89,-0.14699999999999136,-4.636456163536196,-9.978360235650724,19.99677848815918
124.024,1,-35.3608829,149.16396609999998,99.663,14.77228020293751,10.4,2.96,-0.046999999999997044,-4.636456163536196,-9.978360235650724,19.99677848815918
124.12400000000001,1,-35.3608737,149.16396939999998,99.715,14.24434414613596,10.14,3.1,0.05300000000001148,-4.64217407080696,-9.982299446061061,19.7763729095459
124.224,1,-35.3608646,149.16397279999998,99.751,13.450568589101051,10.18,3.06,0.1530000000000058,-4.64217407080696,-9.982299446061061,19.7763729095459
124.324,1,-35.3608554,149.16397609999999,99.712,13.057420339154177,10.35,2.96,0.2530000000000001,-4.64217407080696,-9.982299446061061,19.7763729095459
124.424,1,-35.360845999999995,149.1639793,99.554,14.156992856840667,10.46,2.91,0.35300000000000864,-4.64217407080696,-9.982299446061061,19.7763729095459
124.524,1,-35.3608366,149.1639825,99.36200000000001,17.490162737847324,10.48,3.0,0.45300000000000296,-4.64217407080696,-9.982299446061061,19.7763729095459
124.625,1,-35.360827199999996,149.163986,99.209,22.7701226549625,10.27,3.58,0.554000000000002,-4.651802846739894,-9.988505615194667,19.605676651000977
124.72500000000001,1,-35.3608178,149.1639902,99.113,29.224477250800714,10.36,3.64,0.6540000000000106,-4.651802846739894,-9.988505615194667,19.605676651000977
124.825,1,-35.3608086,149.1639945,98.926,35.59089999126418,9.75,4.5600000000000005,0.7540000000000049,-4.651802846739894,-9.988505615194667,19.605676651000977
124.925,1,-35.3608,149.16400009999998,98.825,40.494371343591794,9.120000000000001,5.38,0.8539999999999992,-4.651802846739894,-9.988505615194667,19.605676651000977
125.024,1,-35.360792,149.1640065,98.724,43.73260501022986,8.68,5.96,0.953000000000003,-4.651802846739894,-9.988505615194667,19.605676651000977
125.12400000000001,1,-35.360784599999995,149.1640138,98.59700000000001,45.54551138577508,7.2,7.04,1.0530000000000115,-4.639841282769981,-9.98702355970875,18.88454246520996
125.224,1,-35.360779099999995,149.1640224,98.627,44.95453268293431,5.07,8.25,1.1530000000000058,-4.639841282769981,-9.98702355970875,18.88454246520996
125.324,1,-35.3607753,149.16403219999998,98.815,42.458959145130066,3.74,8.94,1.2530000000000001,-4.639841282769981,-9.98702355970875,18.88454246520996
125.424,1,-35.3607727,149.1640426,99.105,37.78060058256233,2.77,9.49,1.3530000000000086,-4.639841282769981,-9.98702355970875,18.88454246520996
125.524,1,-35.3607704,149.1640534,99.354,31.375935612935955,2.52,9.76,1.453000000000003,-4.639841282769981,-9.98702355970875,18.88454246520996
125.62400000000001,1,-35.3607685,149.1640644,99.605,23.322975241856255,1.86,9.9,1.5530000000000115,-4.623321220779433,-9.96886403420173,18.7512264251709
125.724,1,-35.3607668,149.1640755,99.836,14.252496830684017,1.79,10.02,1.6530000000000058,-4.623321220779433,-9.96886403420173,18.7512264251709
125.824,1,-35.3607653,149.1640865,100.157,4.555501388645785,1.79,9.88,1.7530000000000001,-4.623321220779433,-9.96886403420173,18.7512264251709
125.924,1,-35.3607637,149.1640974,100.432,-5.045814202177968,1.99,9.96,1.8530000000000086,-4.623321220779433,-9.96886403420173,18.7512264251709
126.024,1,-35.3607618,149.16410829999998,100.60300000000001,-13.992823283723887,2.17,9.92,1.953000000000003,-4.623321220779433,-9.96886403420173,18.7512264251709
126.12400000000001,1,-35.3607598,149.1641192,100.676,-21.40709351928934,2.25,9.89,2.0530000000000115,-4.62370141551571,-9.953192040061696,19.288400650024414
126.224,1,-35.3607578,149.1641301,100.592,-26.539521350332237,2.2,9.89,2.153000000000006,-4.62370141551571,-9.953192040061696,19.288400650024414
126.324,1,-35.360755499999996,149.1641411,100.459,-28.921312474300528,2.5300000000000002,9.93,2.253,-4.62370141551571,-9.953192040061696,19.288400650024414
126.424,1,-35.3607532,149.1641521,100.218,-29.467440739956405,2.68,10.02,2.3530000000000086,-4.62370141551571,-9.953192040061696,19.288400650024414
126.524,1,-35.3607503,149.1641632,99.968,-28.82391056164156,3.67,9.93,2.453000000000003,-4.62370141551571,-9.953192040061696,19.288400650024414
126.62400000000001,1,-35.3607468,149.16417429999998,99.79,-27.38723491124274,4.11,9.98,2.5530000000000115,-4.619652352188923,-9.918304567379103,17.190784454345703
126.72500000000001,1,-35.3607425,149.16418529999999,99.70400000000001,-25.750684020067247,4.97,9.94,2.6540000000000106,-4.619652352188923,-9.918304567379103,17.190784454345703
126.825,1,-35.3607377,149.1641965,99.655,-24.102950401673155,5.5,10.03,2.754000000000005,-4.619652352188923,-9.918304567379103,17.190784454345703
126.925,1,-35.360732299999995,149.16420779999999,99.662,-22.233916946623356,5.97,10.1,2.853999999999999,-4.619652352188923,-9.918304567379103,17.190784454345703
127.025,1,-35.3607266,149.1642192,99.64,-20.179378968810596,6.24,10.290000000000001,2.9540000000000077,-4.619652352188923,-9.918304567379103,17.190784454345703
127.12400000000001,1,-35.3607204,149.1642307,99.664,-17.494660417415776,6.9,10.31,3.0530000000000115,-4.590745394572232,-9.839856181315982,17.259109497070312
127.224,1,-35.3607138,149.1642424,99.684,-14.484042804868388,7.43,10.31,3.153000000000006,-4.590745394572232,-9.839856181315982,17.259109497070312
127.324,1,-35.3607067,149.164254,99.885,-10.884729480210305,7.7700000000000005,10.58,3.253,-4.590745394572232,-9.839856181315982,17.259109497070312
127.424,1,-35.360699499999996,149.1642661,99.909,-7.5282567013028565,7.95,10.84,3.3530000000000086,-4.590745394572232,-9.839856181315982,17.259109497070312
127.524,1,-35.360692,149.1642784,99.955,-4.360666827476587,8.19,10.83,3.453000000000003,-4.590745394572232,-9.839856181315982,17.259109497070312
127.62400000000001,1,-35.3606844,149.1642906,100.157,-1.403236324882909,8.290000000000001,10.99,3.5530000000000115,-4.547707902093809,-9.752011321657712,18.9649600982666
127.724,1,-35.3606768,149.1643029,100.19200000000001,1.0885972574639247,8.34,11.200000000000001,3.653000000000006,-4.547707902093809,-9.752011321657712,18.9649600982666
127.824,1,-35.3606692,149.1643154,100.191,2.8990582118428683,8.33,11.33,3.753,-4.547707902093809,-9.752011321657712,18.9649600982666
127.924,1,-35.3606617,149.1643279,100.262,4.032613268527697,8.290000000000001,11.540000000000001,3.8530000000000086,-4.547707902093809,-9.752011321657712,18.9649600982666
128.024,1,-35.3606541,149.1643406,100.238,4.579202571952553,8.36,11.57,3.953000000000003,-4.547707902093809,-9.752011321657712,18.9649600982666
128.124,1,-35.3606465,149.1643533,100.181,4.625254268657717,8.23,11.75,4.052999999999997,-4.503638216167607,-9.674636267296885,19.929731369018555
128.224,1,-35.3606391,149.1643662,100.257,4.266662933929702,8.290000000000001,11.9,4.152999999999992,-4.503638216167607,-9.674636267296885,19.929731369018555
128.324,1,-35.360631399999995,149.1643791,100.446,3.3785368512475284,8.56,11.870000000000001,4.253000000000014,-4.503638216167607,-9.674636267296885,19.929731369018555
128.424,1,-35.3606236,149.1643921,100.49000000000001,2.585142717589082,8.65,11.92,4.353000000000009,-4.503638216167607,-9.674636267296885,19.929731369018555
128.524,1,-35.3606157,149.164405,100.637,1.9643090444427764,8.8,11.82,4.453000000000003,-4.503638216167607,-9.674636267296885,19.929731369018555
128.624,1,-35.360607699999996,149.1644177,100.657,1.8262440274469618,8.84,11.700000000000001,4.552999999999997,-4.4702908384790945,-9.612332126468662,21.546327590942383
128.724,1,-35.3605996,149.1644304,100.769,2.2057190924491152,8.83,11.57,4.652999999999992,-4.4702908384790945,-9.612332126468662,21.546327590942383
128.825,1,-35.3605916,149.16444289999998,100.83,3.0848728678828303,8.790000000000001,11.44,4.753999999999991,-4.4702908384790945,-9.612332126468662,21.546327590942383
128.925,1,-35.3605837,149.1644552,100.85000000000001,4.2195683527156405,8.43,11.08,4.854000000000013,-4.4702908384790945,-9.612332126468662,21.546327590942383
129.025,1,-35.360576099999996,149.1644672,101.148,5.277851523095756,8.24,10.92,4.954000000000008,-4.4702908384790945,-9.612332126468662,21.546327590942383
129.124,1,-35.3605684,149.164479,101.308,6.18153293472581,8.39,10.76,5.052999999999997,-4.438139041080223,-9.569274738054409,21.653385162353516
129.224,1,-35.3605608,149.1644907,101.328,7.055532051770281,8.18,10.63,5.152999999999992,-4.438139041080223,-9.569274738054409,21.653385162353516
129.324,1,-35.3605534,149.1645022,101.278,7.665059413962688,8.02,10.52,5.253000000000014,-4.438139041080223,-9.569274738054409,21.653385162353516
129.424,1,-35.3605461,149.1645136,101.191,7.970815393479248,8.0,10.290000000000001,5.353000000000009,-4.438139041080223,-9.569274738054409,21.653385162353516
129.524,1,-35.3605389,149.16452479999998,101.024,8.092644623931118,7.82,10.28,5.453000000000003,-4.438139041080223,-9.569274738054409,21.653385162353516
129.624,1,-35.3605318,149.1645359,100.845,8.095763459060876,7.8500000000000005,10.11,5.552999999999997,-4.409505650941144,-9.541338145175613,20.037202835083008
129.724,1,-35.3605247,149.164547,100.593,8.102568035021502,7.63,10.32,5.652999999999992,-4.409505650941144,-9.541338145175613,20.037202835083008
129.824,1,-35.3605178,149.1645582,100.43,8.066483291862678,7.59,10.370000000000001,5.753000000000014,-4.409505650941144,-9.541338145175613,20.037202835083008
129.924,1,-35.360510999999995,149.1645694,100.232,8.065362287065149,7.62,10.370000000000001,5.853000000000009,-4.409505650941144,-9.541338145175613,20.037202835083008
130.024,1,-35.3605042,149.1645809,100.098,8.032059138445813,7.37,10.75,5.953000000000003,-4.409505650941144,-9.541338145175613,20.037202835083008
130.124,1,-35.3604975,149.1645925,99.986,7.961981397561483,7.43,10.69,6.052999999999997,-4.377252260695563,-9.503593460764082,20.108837127685547
130.224,1,-35.3604911,149.16460419999999,99.898,7.821591981813748,7.04,10.78,6.152999999999992,-4.377252260695563,-9.503593460764082,20.108837127685547
130.324,1,-35.360485,149.1646159,99.95700000000001,7.500818123859623,6.5600000000000005,10.790000000000001,6.253000000000014,-4.377252260695563,-9.503593460764082,20.108837127685547
130.424,1,-35.3604793,149.16462769999998,100.09700000000001,6.779970204140232,6.1000000000000005,10.84,6.353000000000009,-4.377252260695563,-9.503593460764082,20.108837127685547
130.524,2,-35.360473999999996,149.1646394,100.33800000000001,5.548805127470162,5.89,10.83,6.453000000000003,-4.377252260695563,-9.503593460764082,20.108837127685547
130.624,2,-35.3604687,149.16465119999998,100.48,3.7886333618461414,5.82,10.78,6.552999999999997,-4.349059307777742,-9.46831074085293,20.618837356567383
130.724,2,-35.3604635,149.1646628,100.545,1.090582174469754,5.8,10.68,6.652999999999992,-4.349059307777742,-9.46831074085293,20.618837356567383
130.824,2,-35.3604583,149.1646744,100.651,-2.986032133186518,5.73,10.540000000000001,6.753000000000014,-4.349059307777742,-9.46831074085293,20.618837356567383
130.925,2,-35.360453,149.1646858,100.794,-8.407016033312004,5.67,10.46,6.854000000000013,-4.349059307777742,-9.46831074085293,20.618837356567383
131.025,2,-35.360447799999996,149.1646972,100.72500000000001,-14.326282510514018,5.83,10.290000000000001,6.954000000000008,-4.349059307777742,-9.46831074085293,20.618837356567383
131.125,2,-35.360442299999995,149.1647082,100.614,-19.494932542272785,6.3,9.9,7.054000000000002,-4.339865344002883,-9.452143546292158,21.24454689025879
131.224,2,-35.3604365,149.1647189,100.524,-23.341565309229736,6.2,9.700000000000001,7.152999999999992,-4.339865344002883,-9.452143546292158,21.24454689025879
131.324,2,-35.3604304,149.16472919999998,100.378,-25.632774464425317,7.0200000000000005,9.09,7.253000000000014,-4.339865344002883,-9.452143546292158,21.24454689025879
131.424,2,-35.3604238,149.164739,100.289,-25.96861145082026,7.32,8.68,7.353000000000009,-4.339865344002883,-9.452143546292158,21.24454689025879
131.524,2,-35.3604169,149.1647482,100.215,-24.65327069593213,7.8500000000000005,8.14,7.453000000000003,-4.339865344002883,-9.452143546292158,21.24454689025879
131.624,2,-35.3604096,149.1647569,100.232,-21.670754189177465,7.88,7.78,7.552999999999997,-4.345571181628898,-9.467858657452654,24.21135902404785
131.724,2,-35.3604024,149.1647652,100.171,-17.86560628369188,7.98,7.3500000000000005,7.652999999999992,-4.345571181628898,-9.467858657452654,24.21135902404785
131.824,2,-35.360395,149.16477279999998,100.259,-13.35315386983739,8.120000000000001,6.8500000000000005,7.753000000000014,-4.345571181628898,-9.467858657452654,24.21135902404785
131.924,2,-35.3603877,149.16477999999998,100.298,-8.882385246713843,7.84,6.46,7.853000000000009,-4.345571181628898,-9.467858657452654,24.21135902404785
132.024,2,-35.3603805,149.16478669999998,100.455,-4.625422035179207,7.82,6.07,7.953000000000003,-4.345571181628898,-9.467858657452654,24.21135902404785
132.124,2,-35.3603735,149.1647931,100.37,-0.7901716717523756,7.45,5.84,8.052999999999997,-4.3755779151286305,-9.53131044721135,24.055299758911133
132.224,2,-35.360366899999995,149.1647992,100.311,2.442495497433835,7.12,5.47,8.152999999999992,-4.3755779151286305,-9.53131044721135,24.055299758911133
132.324,2,-35.3603606,149.16480479999998,100.36,5.0868013136135675,6.8100000000000005,5.09,8.253000000000014,-4.3755779151286305,-9.53131044721135,24.055299758911133
132.424,2,-35.3603546,149.1648102,100.44500000000001,7.102963019800965,6.390000000000001,5.0200000000000005,8.353000000000009,-4.3755779151286305,-9.53131044721135,24.055299758911133
132.524,2,-35.3603489,149.1648153,100.554,8.395473867388327,6.2700000000000005,4.63,8.453000000000003,-4.3755779151286305,-9.53131044721135,24.055299758911133
132.624,2,-35.3603433,149.16482,100.44200000000001,9.088547676621507,6.2,4.14,8.552999999999997,-4.414217730402607,-9.607377324153004,21.151453018188477
132.724,2,-35.360337799999996,149.1648244,100.193,9.288726007042596,5.97,4.08,8.652999999999992,-4.414217730402607,-9.607377324153004,21.151453018188477
132.824,2,-35.3603326,149.1648287,99.996,9.338755435165647,5.7,4.16,8.753000000000014,-4.414217730402607,-9.607377324153004,21.151453018188477
132.925,2,-35.3603275,149.16483309999998,99.821,9.376171211438976,5.59,4.09,8.854000000000013,-4.414217730402607,-9.607377324153004,21.151453018188477
133.025,2,-35.360322599999996,149.1648377,99.70100000000001,9.545699067959632,5.38,4.24,8.954000000000008,-4.414217730402607,-9.607377324153004,21.151453018188477
133.125,2,-35.360317699999996,149.1648423,99.55,9.616921719303585,5.36,4.21,9.054000000000002,-4.437049993730282,-9.66273760773533,19.147375106811523
133.225,2,-35.360313,149.1648472,99.521,9.524478523982049,5.21,4.51,9.153999999999996,-4.437049993730282,-9.66273760773533,19.147375106811523
133.324,2,-35.3603082,149.1648523,99.422,9.286508756883281,5.17,4.69,9.253000000000014,-4.437049993730282,-9.66273760773533,19.147375106811523
133.424,2,-35.3603036,149.1648577,99.453,8.596997745075909,5.05,4.94,9.353000000000009,-4.437049993730282,-9.66273760773533,19.147375106811523
133.524,2,-35.3602991,149.16486329999998,99.491,7.5636669632811415,5.07,4.92,9.453000000000003,-4.437049993730282,-9.66273760773533,19.147375106811523
133.624,2,-35.360294599999996,149.1648689,99.46600000000001,6.322884980259693,4.96,4.96,9.552999999999997,-4.45158592760603,-9.707349292911532,18.89234161376953
133.724,2,-35.3602902,149.1648745,99.56,4.890238714584355,4.79,5.12,9.652999999999992,-4.45158592760603,-9.707349292911532,18.89234161376953
133.824,2,-35.3602857,149.1648803,99.56,3.3443952969075736,4.97,5.12,9.753000000000014,-4.45158592760603,-9.707349292911532,18.89234161376953
133.924,2,-35.360281199999996,149.1648859,99.48,1.8896947772890877,4.95,5.16,9.853000000000009,-4.45158592760603,-9.707349292911532,18.89234161376953
134.024,2,-35.3602767,149.16489149999998,99.412,0.6389483486813843,5.0200000000000005,5.15,9.953000000000003,-4.45158592760603,-9.707349292911532,18.89234161376953
134.124,2,-35.360272099999996,149.16489719999998,99.208,-0.25319497913024047,5.08,5.15,10.052999999999997,-4.457082306844039,-9.744926381384012,18.284090042114258
134.224,2,-35.3602676,149.1649028,98.98,-0.7091585845634428,5.0,5.2,10.152999999999992,-4.457082306844039,-9.744926381384012,18.284090042114258
134.324,2,-35.3602632,149.1649086,98.792,-0.512311732270882,4.84,5.45,10.253000000000014,-4.457082306844039,-9.744926381384012,18.284090042114258
134.424,2,-35.3602589,149.1649147,98.651,0.0344523479575104,4.63,5.68,10.353000000000009,-4.457082306844039,-9.744926381384012,18.284090042114258
134.524,2,-35.3602548,149.1649211,98.407,0.3998695296161355,4.46,5.86,10.453000000000003,-4.457082306844039,-9.744926381384012,18.284090042114258
134.624,2,-35.360250799999996,149.1649276,98.113,0.048094196741369596,4.46,6.09,10.552999999999997,-4.457031281491547,-9.772861011784226,18.89409637451172
134.724,2,-35.3602468,149.1649345,97.89,-1.1053109438063575,4.5200000000000005,6.2700000000000005,10.652999999999992,-4.457031281491547,-9.772861011784226,18.89409637451172
134.824,2,-35.3602426,149.1649414,97.683,-2.9752133269846293,4.7,6.41,10.753000000000014,-4.457031281491547,-9.772861011784226,18.89409637451172
134.924,2,-35.3602383,149.16494849999998,97.533,-5.01553853490824,4.82,6.45,10.853000000000009,-4.457031281491547,-9.772861011784226,18.89409637451172
135.025,2,-35.360233699999995,149.1649557,97.572,-6.961595606341449,5.21,6.48,10.954000000000008,-4.457031281491547,-9.772861011784226,18.89409637451172
135.125,2,-35.3602288,149.164963,97.72,-8.65713329184964,5.46,6.45,11.054000000000002,-4.471604695760432,-9.797844865879126,19.91081428527832
135.225,2,-35.3602237,149.1649702,97.855,-10.111316424638497,5.46,6.51,11.153999999999996,-4.471604695760432,-9.797844865879126,19.91081428527832
135.325,2,-35.360218599999996,149.1649773,97.955,-11.63178825086962,5.78,6.15,11.25399999999999,-4.471604695760432,-9.797844865879126,19.91081428527832
135.424,2,-35.3602133,149.164984,98.143,-13.283098327067862,5.86,5.86,11.353000000000009,-4.471604695760432,-9.797844865879126,19.91081428527832
135.524,2,-35.3602078,149.1649905,98.34100000000001,-15.11704424657766,5.92,5.64,11.453000000000003,-4.471604695760432,-9.797844865879126,19.91081428527832
135.624,2,-35.360202199999996,149.16499629999998,98.599,-16.70628241737247,6.17,5.03,11.552999999999997,-4.494665100364155,-9.828498347937755,21.966827392578125
135.724,2,-35.3601966,149.1650018,98.83500000000001,-17.890807974181932,6.0200000000000005,5.01,11.652999999999992,-4.494665100364155,-9.828498347937755,21.966827392578125
135.824,2,-35.3601913,149.1650075,98.825,-18.719485797875606,5.96,4.97,11.753000000000014,-4.494665100364155,-9.828498347937755,21.966827392578125
135.924,2,-35.3601858,149.16501259999998,98.85900000000001,-18.639388169478867,6.07,4.44,11.853000000000009,-4.494665100364155,-9.828498347937755,21.966827392578125
136.024,2,-35.3601806,149.1650175,98.83500000000001,-18.234629451716618,5.57,4.46,11.953000000000003,-4.494665100364155,-9.828498347937755,21.966827392578125
136.124,2,-35.3601757,149.1650223,98.637,-17.800628986570253,5.5,4.14,12.052999999999997,-4.5247596385705195,-9.864928930161126,23.773902893066406
136.224,2,-35.3601708,149.1650267,98.464,-17.29570554462977,5.65,3.72,12.152999999999992,-4.5247596385705195,-9.864928930161126,23.773902893066406
136.324,2,-35.360165599999995,149.1650305,98.32600000000001,-17.45369123522675,6.04,3.27,12.253000000000014,-4.5247596385705195,-9.864928930161126,23.773902893066406
136.424,2,-35.36016,149.1650338,98.179,-17.729214236155894,6.23,2.97,12.353000000000009,-4.5247596385705195,-9.864928930161126,23.773902893066406
136.524,2,-35.3601543,149.1650369,97.95400000000001,-17.503729201086262,6.55,2.73,12.453000000000003,-4.5247596385705195,-9.864928930161126,23.773902893066406
136.624,2,-35.360147999999995,149.1650398,97.84700000000001,-16.320641399097088,7.41,2.57,12.552999999999997,-4.548126380007003,-9.894823206798776,19.650686264038086
136.724,2,-35.3601412,149.1650425,97.822,-14.566401225880401,7.65,2.49,12.652999999999992,-4.548126380007003,-9.894823206798776,19.650686264038086
136.824,2,-35.3601342,149.16504519999998,97.808,-12.44319508747327,7.91,2.45,12.753000000000014,-4.548126380007003,-9.894823206798776,19.650686264038086
136.924,2,-35.360127,149.1650479,97.871,-10.285597239047835,8.19,2.41,12.853000000000009,-4.548126380007003,-9.894823206798776,19.650686264038086
137.024,2,-35.360119499999996,149.1650506,98.042,-8.401562981033395,8.47,2.42,12.953000000000003,-4.548126380007003,-9.894823206798776,19.650686264038086
137.125,2,-35.3601119,149.1650534,98.227,-7.211935272913934,8.58,2.62,13.054000000000002,-4.555879796079,-9.930024240933484,17.07526969909668
137.225,2,-35.3601041,149.1650563,98.424,-6.740965555111228,8.78,2.5500000000000003,13.153999999999996,-4.555879796079,-9.930024240933484,17.07526969909668
137.32500000000002,2,-35.3600961,149.1650592,98.746,-6.927926615714695,8.82,2.63,13.254000000000019,-4.555879796079,-9.930024240933484,17.07526969909668
137.425,2,-35.3600881,149.1650621,99.077,-7.734283381200767,8.9,2.62,13.354000000000013,-4.555879796079,-9.930024240933484,17.07526969909668
137.524,2,-35.3600801,149.1650651,99.322,-9.035613710553909,8.94,2.79,13.453000000000003,-4.555879796079,-9.930024240933484,17.07526969909668
137.624,2,-35.3600719,149.1650682,99.55,-10.390457718280455,9.02,2.7800000000000002,13.552999999999997,-4.536436777601524,-9.943261517884983,18.0156192779541
137.724,2,-35.3600638,149.1650717,99.551,-12.031358586183597,9.0,3.2,13.652999999999992,-4.536436777601524,-9.943261517884983,18.0156192779541
137.824,2,-35.3600554,149.1650751,99.59400000000001,-13.35830810133981,9.36,2.98,13.753000000000014,-4.536436777601524,-9.943261517884983,18.0156192779541
137.924,2,-35.360047,149.1650784,99.651,-14.633560768441845,9.38,3.06,13.853000000000009,-4.536436777601524,-9.943261517884983,18.0156192779541
138.024,2,-35.3600387,149.1650819,99.574,-15.973727553415678,9.08,3.15,13.953000000000003,-4.536436777601524,-9.943261517884983,18.0156192779541
138.124,2,-35.360030699999996,149.16508539999998,99.274,-17.54043463768591,8.93,3.16,14.052999999999997,-4.546420120692658,-9.968514408391252,20.701778411865234
138.224,2,-35.3600226,149.1650888,98.97500000000001,-18.912520604198505,9.4,2.93,14.152999999999992,-4.546420120692658,-9.968514408391252,20.701778411865234
138.324,2,-35.3600141,149.1650919,98.778,-19.91734217639764,9.64,2.77,14.253000000000014,-4.546420120692658,-9.968514408391252,20.701778411865234
138.424,2,-35.3600055,149.16509489999999,98.61,-20.83202061947824,9.71,2.62,14.353000000000009,-4.546420120692658,-9.968514408391252,20.701778411865234
138.524,2,-35.359996599999995,149.1650976,98.477,-21.74324298683881,10.23,2.14,14.453000000000003,-4.546420120692658,-9.968514408391252,20.701778411865234
138.624,2,-35.359987499999995,149.1650998,98.424,-22.618579540300132,10.41,1.79,14.552999999999997,-4.584420689169221,-10.00926809067928,21.739131927490234
138.724,2,-35.3599781,149.1651015,98.36500000000001,-23.495191631588956,10.59,1.33,14.652999999999992,-4.584420689169221,-10.00926809067928,21.739131927490234
138.824,2,-35.3599684,149.1651024,98.418,-23.714905156809927,10.99,0.49,14.753000000000014,-4.584420689169221,-10.00926809067928,21.739131927490234
138.924,2,-35.3599586,149.16510259999998,98.556,-23.220100640124816,11.040000000000001,0.14,14.853000000000009,-4.584420689169221,-10.00926809067928,21.739131927490234
139.024,2,-35.3599487,149.1651028,98.61200000000001,-22.022674563520493,10.97,0.13,14.953000000000003,-4.584420689169221,-10.00926809067928,21.739131927490234
139.124,2,-35.3599388,149.1651024,98.69200000000001,-19.664461252567087,11.21,-0.61,15.052999999999997,-4.632723582744548,-10.041887332419185,21.25459861755371
139.225,2,-35.3599287,149.1651015,98.84100000000001,-16.616014637301582,11.25,-0.9,15.153999999999996,-4.632723582744548,-10.041887332419185,21.25459861755371
139.32500000000002,2,-35.3599184,149.1651004,98.916,-13.57704490950947,11.27,-1.02,15.254000000000019,-4.632723582744548,-10.041887332419185,21.25459861755371
139.425,2,-35.3599081,149.1650991,98.949,-10.386906873685694,11.47,-1.41,15.354000000000013,-4.632723582744548,-10.041887332419185,21.25459861755371
139.525,2,-35.3598977,149.16509739999998,98.985,-6.933778380286103,11.450000000000001,-1.58,15.454000000000008,-4.632723582744548,-10.041887332419185,21.25459861755371
139.624,2,-35.3598873,149.1650956,98.87,-3.51462666291274,11.43,-1.6300000000000001,15.552999999999997,-4.685850258270643,-10.06933395341706,20.991962432861328
139.724,2,-35.359876899999996,149.1650936,98.913,-0.08032797385845557,11.42,-1.73,15.652999999999992,-4.685850258270643,-10.06933395341706,20.991962432861328
139.824,2,-35.359866499999995,149.16509159999998,98.867,3.090079393021084,11.35,-1.6600000000000001,15.753000000000014,-4.685850258270643,-10.06933395341706,20.991962432861328
139.924,2,-35.3598563,149.16508969999998,98.935,5.675336089391941,11.13,-1.72,15.853000000000009,-4.685850258270643,-10.06933395341706,20.991962432861328
140.024,2,-35.3598462,149.1650876,99.014,7.550391636855576,11.17,-1.92,15.953000000000003,-4.685850258270643,-10.06933395341706,20.991962432861328
140.124,2,-35.3598362,149.16508539999998,98.812,9.155171049333106,11.0,-2.0100000000000002,16.052999999999997,-4.752561496192777,-10.11046275596234,21.627628326416016
140.224,2,-35.3598266,149.1650834,98.851,10.402279068186454,10.36,-1.58,16.15299999999999,-4.752561496192777,-10.11046275596234,21.627628326416016
140.324,2,-35.3598175,149.1650817,98.96900000000001,11.772808605341934,10.03,-1.55,16.253000000000014,-4.752561496192777,-10.11046275596234,21.627628326416016
140.424,2,-35.359808799999996,149.16508009999998,99.038,13.076251170695903,9.55,-1.42,16.35300000000001,-4.752561496192777,-10.11046275596234,21.627628326416016
140.524,2,-35.3598007,149.1650788,99.244,13.678635435676947,9.0,-1.23,16.453000000000003,-4.752561496192777,-10.11046275596234,21.627628326416016
140.624,2,-35.3597928,149.1650773,99.357,14.008996317904831,8.83,-1.34,16.552999999999997,-4.83524052747113,-10.157139288830072,21.916566848754883
140.724,2,-35.359785099999996,149.1650759,99.382,14.041588273076838,8.66,-1.3800000000000001,16.65299999999999,-4.83524052747113,-10.157139288830072,21.916566848754883
140.824,2,-35.3597776,149.16507439999998,99.321,13.864717109424774,8.07,-1.19,16.753000000000014,-4.83524052747113,-10.157139288830072,21.916566848754883
140.924,2,-35.3597707,149.1650732,99.519,13.235475686853594,7.62,-1.05,16.85300000000001,-4.83524052747113,-10.157139288830072,21.916566848754883
141.024,2,-35.359763799999996,149.1650719,99.61,12.890561379051706,7.79,-1.35,16.953000000000003,-4.83524052747113,-10.157139288830072,21.916566848754883
141.124,2,-35.359757,149.1650704,99.62,12.705001361001736,7.59,-1.32,17.052999999999997,-4.893446571633918,-10.190373630729814,21.531639099121094
141.224,2,-35.3597501,149.1650687,99.452,12.768405153293319,7.61,-1.61,17.15299999999999,-4.893446571633918,-10.190373630729814,21.531639099121094
141.32500000000002,2,-35.3597434,149.1650669,99.236,12.980581564765181,7.0600000000000005,-1.21,17.25400000000002,-4.893446571633918,-10.190373630729814,21.531639099121094
141.425,2,-35.3597372,149.1650655,99.22800000000001,13.155197912217496,6.86,-1.35,17.354000000000013,-4.893446571633918,-10.190373630729814,21.531639099121094
141.525,2,-35.359731,149.16506379999998,99.11,13.619966672027475,6.91,-1.62,17.454000000000008,-4.893446571633918,-10.190373630729814,21.531639099121094
141.624,2,-35.359724899999996,149.165062,98.884,14.4576868124086,6.6000000000000005,-1.57,17.552999999999997,-4.8842993720981935,-10.201193342421442,20.576269149780273
141.724,2,-35.3597192,149.1650606,98.825,15.276445493880123,6.13,-1.22,17.65299999999999,-4.8842993720981935,-10.201193342421442,20.576269149780273
141.824,2,-35.3597138,149.1650593,98.824,15.995003592680268,6.21,-1.34,17.753000000000014,-4.8842993720981935,-10.201193342421442,20.576269149780273
141.924,2,-35.3597082,149.1650579,98.641,16.727165720759785,6.1000000000000005,-1.16,17.85300000000001,-4.8842993720981935,-10.201193342421442,20.576269149780273
142.024,2,-35.3597027,149.16505659999999,98.495,17.288499695055407,5.94,-1.08,17.953000000000003,-4.8842993720981935,-10.201193342421442,20.576269149780273
142.124,2,-35.359697499999996,149.1650556,98.32600000000001,17.81076498729855,5.72,-0.9400000000000001,18.052999999999997,-4.897310815773174,-10.21988780509992,19.327850341796875
142.224,2,-35.359692599999995,149.1650549,98.236,17.908416201862224,5.2700000000000005,-0.45,18.15299999999999,-4.897310815773174,-10.21988780509992,19.327850341796875
142.324,2,-35.359687799999996,149.1650546,98.23,17.610141840807767,5.44,-0.51,18.253000000000014,-4.897310815773174,-10.21988780509992,19.327850341796875
142.424,2,-35.3596831,149.16505429999998,98.166,17.352110954343026,5.14,-0.22,18.35300000000001,-4.897310815773174,-10.21988780509992,19.327850341796875
142.524,2,-35.359678699999996,149.1650544,98.206,16.733755145761556,4.9,-0.02,18.453000000000003,-4.897310815773174,-10.21988780509992,19.327850341796875
142.624,2,-35.359674399999996,149.1650546,98.21300000000001,15.81508787220567,4.87,0.04,18.552999999999997,-4.912228713697314,-10.236118881046744,20.158252716064453
142.724,2,-35.359670099999995,149.1650548,98.191,14.734097737929847,4.92,0.07,18.65299999999999,-4.912228713697314,-10.236118881046744,20.158252716064453
142.824,2,-35.3596658,149.165055,98.121,13.499543606770981,4.46,0.41000000000000003,18.753000000000014,-4.912228713697314,-10.236118881046744,20.158252716064453
142.924,2,-35.3596619,149.16505569999998,98.262,12.056526979501447,4.42,0.43,18.85300000000001,-4.912228713697314,-10.236118881046744,20.158252716064453
143.024,2,-35.359657999999996,149.1650563,98.376,10.695862796828406,4.3500000000000005,0.51,18.953000000000003,-4.912228713697314,-10.236118881046744,20.158252716064453
143.124,2,-35.3596541,149.16505709999998,98.495,9.320998650870905,4.4,0.55,19.052999999999997,-4.955478693526609,-10.281624244950786,19.94308853149414
143.224,2,-35.3596502,149.1650578,98.563,8.303045186218776,4.32,0.7000000000000001,19.15299999999999,-4.955478693526609,-10.281624244950786,19.94308853149414
143.324,2,-35.359646399999995,149.1650588,98.68,7.385853233523615,4.24,0.79,19.253000000000014,-4.955478693526609,-10.281624244950786,19.94308853149414
143.425,2,-35.3596426,149.1650599,98.785,6.553536199662792,4.11,0.88,19.354000000000013,-4.955478693526609,-10.281624244950786,19.94308853149414
143.525,2,-35.3596389,149.16506099999998,98.886,5.731718020329927,4.0200000000000005,0.84,19.454000000000008,-4.955478693526609,-10.281624244950786,19.94308853149414
143.625,2,-35.3596353,149.16506189999998,99.07900000000001,4.728374330312454,3.88,0.77,19.554000000000002,-4.942281854227632,-10.29215862465019,20.302644729614258
143.724,2,-35.3596319,149.16506289999998,99.375,3.715716823588024,3.77,0.76,19.65299999999999,-4.942281854227632,-10.29215862465019,20.302644729614258
143.824,2,-35.3596284,149.16506379999998,99.524,2.777116710156515,3.87,0.78,19.753000000000014,-4.942281854227632,-10.29215862465019,20.302644729614258
143.924,2,-35.3596249,149.1650647,99.48700000000001,1.9881984848385423,3.81,0.6900000000000001,19.85300000000001,-4.942281854227632,-10.29215862465019,20.302644729614258
144.024,2,-35.359621499999996,149.1650655,99.544,1.4376169358438144,3.69,0.61,19.953000000000003,-4.942281854227632,-10.29215862465019,20.302644729614258
144.124,2,-35.3596181,149.1650663,99.656,1.0909563407702236,3.7800000000000002,0.6900000000000001,20.052999999999997,-4.94373673760947,-10.31817427170426,19.727277755737305
144.224,2,-35.3596146,149.1650671,99.57000000000001,0.8920246799552223,3.8200000000000003,0.68,20.15299999999999,-4.94373673760947,-10.31817427170426,19.727277755737305
144.324,2,-35.359611099999995,149.1650679,99.474,0.6510266844549056,3.87,0.67,20.253000000000014,-4.94373673760947,-10.31817427170426,19.727277755737305
144.424,2,-35.3596076,149.16506859999998,99.263,0.507347999013281,3.91,0.6,20.35300000000001,-4.94373673760947,-10.31817427170426,19.727277755737305
144.524,2,-35.359604,149.1650693,99.09700000000001,0.36223190559691243,4.01,0.67,20.453000000000003,-4.94373673760947,-10.31817427170426,19.727277755737305
144.624,2,-35.3596004,149.16507,99.023,0.2649303647022331,4.04,0.6,20.552999999999997,-4.929206463506594,-10.329357921074504,20.19609832763672
144.724,2,-35.3595967,149.1650706,98.863,0.1913715485382965,4.1,0.66,20.65299999999999,-4.929206463506594,-10.329357921074504,20.19609832763672
144.824,2,-35.359593,149.1650714,98.767,0.18280059494485607,4.09,0.64,20.753000000000014,-4.929206463506594,-10.329357921074504,20.19609832763672
144.924,2,-35.359589299999996,149.1650721,98.626,0.22094435999396084,4.0600000000000005,0.58,20.85300000000001,-4.929206463506594,-10.329357921074504,20.19609832763672
145.024,2,-35.3595857,149.1650727,98.55,0.16464519173880848,4.0200000000000005,0.48,20.953000000000003,-4.929206463506594,-10.329357921074504,20.19609832763672
145.124,2,-35.359581999999996,149.1650732,98.519,0.02421073109360086,4.03,0.43,21.052999999999997,-4.910121927037151,-10.344353382398541,19.194110870361328
145.224,2,-35.3595784,149.1650736,98.549,-0.04556376173127863,3.92,0.39,21.15299999999999,-4.910121927037151,-10.344353382398541,19.194110870361328
145.324,2,-35.359575,149.1650742,98.559,0.08207910362755726,3.77,0.53,21.253000000000014,-4.910121927037151,-10.344353382398541,19.194110870361328
145.425,2,-35.3595715,149.16507489999998,98.505,0.2404295156540453,3.75,0.76,21.354000000000013,-4.910121927037151,-10.344353382398541,19.194110870361328
145.525,2,-35.3595681,149.1650759,98.55,0.317031207773649,3.71,0.9,21.454000000000008,-4.910121927037151,-10.344353382398541,19.194110870361328
145.625,2,-35.3595647,149.1650771,98.538,0.17261196707539367,3.8000000000000003,1.1300000000000001,21.554000000000002,-4.949239061833724,-10.425214919722743,18.21847915649414
145.725,2,-35.3595612,149.1650786,98.392,-0.3632469357405998,3.9,1.37,21.653999999999996,-4.949239061833724,-10.425214919722743,18.21847915649414
145.824,2,-35.3595575,149.1650803,98.262,-1.2454192545810638,4.01,1.57,21.753000000000014,-4.949239061833724,-10.425214919722743,18.21847915649414
145.924,2,-35.3595538,149.1650822,98.232,-2.5383251859232296,4.19,1.76,21.85300000000001,-4.949239061833724,-10.425214919722743,18.21847915649414
146.024,2,-35.359549799999996,149.1650843,98.178,-4.263879631842921,4.41,1.9100000000000001,21.953000000000003,-4.949239061833724,-10.425214919722743,18.21847915649414
146.124,2,-35.3595457,149.1650865,98.197,-6.234142893694656,4.65,2.0100000000000002,22.052999999999997,-4.994484945684071,-10.495526698086994,18.05392074584961
146.224,2,-35.3595413,149.1650889,98.261,-8.339245188819845,4.8,2.13,22.15299999999999,-4.994484945684071,-10.495526698086994,18.05392074584961
146.324,2,-35.3595368,149.1650912,98.39,-10.484389894841055,5.1000000000000005,1.9100000000000001,22.253000000000014,-4.994484945684071,-10.495526698086994,18.05392074584961
146.424,2,-35.359532099999996,149.1650932,98.666,-12.492150468349337,5.2,1.85,22.35300000000001,-4.994484945684071,-10.495526698086994,18.05392074584961
146.524,2,-35.3595274,149.1650953,98.917,-14.49849890024672,5.33,1.8,22.453000000000003,-4.994484945684071,-10.495526698086994,18.05392074584961
146.624,2,-35.359522399999996,149.1650971,99.196,-16.138691989797117,5.69,1.24,22.552999999999997,-5.030516936272821,-10.550334982571057,20.166019439697266
146.724,2,-35.3595173,149.1650984,99.571,-16.955145482423763,5.63,1.41,22.65299999999999,-5.030516936272821,-10.550334982571057,20.166019439697266
146.824,2,-35.3595122,149.1650999,99.82600000000001,-17.33705892495961,5.76,1.28,22.753000000000014,-5.030516936272821,-10.550334982571057,20.166019439697266
146.924,2,-35.359507,149.16510119999998,100.07300000000001,-17.152488430565647,5.54,1.57,22.85300000000001,-5.030516936272821,-10.550334982571057,20.166019439697266
147.024,2,-35.359502,149.1651029,100.111,-16.92905245224702,5.62,1.36,22.953000000000003,-5.030516936272821,-10.550334982571057,20.166019439697266
147.124,2,-35.359496899999996,149.1651042,100.205,-16.3939122534184,5.82,1.04,23.052999999999997,-5.098222514519049,-10.625231288681984,21.132966995239258
147.224,2,-35.3594917,149.1651053,100.319,-15.754758518814238,5.7,1.01,23.15299999999999,-5.098222514519049,-10.625231288681984,21.132966995239258
147.324,2,-35.3594866,149.16510639999998,100.36200000000001,-15.45765553520244,5.43,1.1300000000000001,23.253000000000014,-5.098222514519049,-10.625231288681984,21.132966995239258
147.424,2,-35.359481599999995,149.16510739999998,100.28,-15.572957666128717,5.8,0.67,23.35300000000001,-5.098222514519049,-10.625231288681984,21.132966995239258
147.525,2,-35.359476199999996,149.16510789999998,100.328,-15.692566231326689,6.13,0.19,23.454000000000008,-5.098222514519049,-10.625231288681984,21.132966995239258
147.625,2,-35.3594706,149.16510789999998,100.416,-15.630054632495439,6.2,-0.05,23.554000000000002,-5.143508866818395,-10.671996202298558,20.208045959472656
147.725,2,-35.359465,149.1651077,100.461,-15.284947371849498,6.34,-0.39,23.653999999999996,-5.143508866818395,-10.671996202298558,20.208045959472656
147.82500000000002,2,-35.359459199999996,149.1651071,100.59100000000001,-14.374367042270908,6.54,-0.8300000000000001,23.75400000000002,-5.143508866818395,-10.671996202298558,20.208045959472656
147.924,2,-35.3594532,149.1651061,100.77,-12.935213740750664,6.51,-0.8,23.85300000000001,-5.143508866818395,-10.671996202298558,20.208045959472656
148.024,2,-35.3594473,149.1651051,100.875,-10.873493819025635,6.55,-0.93,23.953000000000003,-5.143508866818395,-10.671996202298558,20.208045959472656
148.124,2,-35.3594413,149.16510409999998,101.009,-8.321290329039174,6.67,-1.03,24.052999999999997,-5.202251758903844,-10.728607506206007,18.76072120666504
148.224,2,-35.3594352,149.165103,101.133,-5.693854012892315,6.67,-0.87,24.15299999999999,-5.202251758903844,-10.728607506206007,18.76072120666504
148.324,2,-35.3594292,149.1651022,101.13,-3.3290393241060925,6.79,-0.78,24.253000000000014,-5.202251758903844,-10.728607506206007,18.76072120666504
148.424,2,-35.359423,149.1651014,101.054,-1.3748313823938243,6.87,-0.67,24.35300000000001,-5.202251758903844,-10.728607506206007,18.76072120666504
148.524,2,-35.3594168,149.1651008,100.761,0.03080590739479629,7.0,-0.5,24.453000000000003,-5.202251758903844,-10.728607506206007,18.76072120666504
148.624,2,-35.3594104,149.1651004,100.464,0.9422013306713987,7.11,-0.34,24.552999999999997,-5.2485721698726575,-10.772393162301618,16.907522201538086
148.724,2,-35.359404,149.1651003,100.269,1.2668262413786473,7.3,-0.09,24.65299999999999,-5.2485721698726575,-10.772393162301618,16.907522201538086
148.824,2,-35.3593974,149.1651003,100.186,0.9643261276620683,7.51,0.1,24.753000000000014,-5.2485721698726575,-10.772393162301618,16.907522201538086
148.924,2,-35.359390499999996,149.1651006,100.043,0.295279429825112,7.72,0.33,24.85300000000001,-5.2485721698726575,-10.772393162301618,16.907522201538086
149.024,2,-35.3593835,149.1651011,99.715,-0.7186879257552271,7.9,0.59,24.953000000000003,-5.2485721698726575,-10.772393162301618,16.907522201538086
149.124,2,-35.3593762,149.16510209999998,99.541,-2.1001085730682623,8.48,1.04,25.052999999999997,-5.253722916162172,-10.784689815491967,15.641656875610352
149.224,2,-35.359368499999995,149.1651035,99.548,-3.701422518315657,8.69,1.36,25.15299999999999,-5.253722916162172,-10.784689815491967,15.641656875610352
149.324,2,-35.359360599999995,149.1651053,99.413,-5.2356622983662335,8.790000000000001,1.8,25.253000000000014,-5.253722916162172,-10.784689815491967,15.641656875610352
149.424,2,-35.3593526,149.1651075,99.313,-7.152787969135739,9.1,2.0300000000000002,25.35300000000001,-5.253722916162172,-10.784689815491967,15.641656875610352
149.524,2,-35.3593443,149.1651099,99.35600000000001,-9.639598801121675,9.46,2.16,25.453000000000003,-5.253722916162172,-10.784689815491967,15.641656875610352
149.625,2,-35.3593355,149.1651123,99.558,-12.576444394217404,9.950000000000001,2.13,25.554000000000002,-5.233266869801603,-10.77357650670734,17.47081184387207
149.725,2,-35.3593262,149.1651149,99.816,-15.971596534394633,10.18,2.5500000000000003,25.653999999999996,-5.233266869801603,-10.77357650670734,17.47081184387207
149.82500000000002,2,-35.359316799999995,149.1651176,99.934,-19.44017833079138,10.6,2.39,25.75400000000002,-5.233266869801603,-10.77357650670734,17.47081184387207
149.925,2,-35.3593069,149.1651204,99.961,-22.36205471054738,10.91,2.5,25.854000000000013,-5.233266869801603,-10.77357650670734,17.47081184387207
150.024,2,-35.3592966,149.1651225,100.055,-24.500650118928196,11.73,1.24,25.953000000000003,-5.233266869801603,-10.77357650670734,17.47081184387207
150.124,2,-35.3592855,149.1651234,100.416,-25.293483109857643,12.19,0.84,26.052999999999997,-5.218882081163181,-10.748725997642724,18.652734756469727
150.224,2,-35.3592745,149.1651249,100.656,-25.695545610445027,11.85,2.1,26.15299999999999,-5.218882081163181,-10.748725997642724,18.652734756469727
150.324,2,-35.3592636,149.1651274,100.605,-25.613953878167347,12.030000000000001,2.15,26.253000000000014,-5.218882081163181,-10.748725997642724,18.652734756469727
150.424,2,-35.3592526,149.1651298,100.577,-24.91276153533196,12.39,1.77,26.35300000000001,-5.218882081163181,-10.748725997642724,18.652734756469727
150.524,2,-35.3592414,149.16513179999998,100.593,-24.142983847945892,12.38,1.8900000000000001,26.453000000000003,-5.218882081163181,-10.748725997642724,18.652734756469727
150.624,2,-35.3592301,149.1651336,100.633,-23.87369851727626,12.76,1.19,26.552999999999997,-5.20189784496421,-10.730599919573086,20.016786575317383
150.724,2,-35.3592186,149.1651349,100.76,-24.279565433231344,12.77,1.26,26.65299999999999,-5.20189784496421,-10.730599919573086,20.016786575317383
150.824,2,-35.3592071,149.165136,100.816,-25.373992257151876,12.89,0.8300000000000001,26.753000000000014,-5.20189784496421,-10.730599919573086,20.016786575317383
150.924,2,-35.3591955,149.1651369,100.819,-26.63181769658662,12.950000000000001,0.64,26.85300000000001,-5.20189784496421,-10.730599919573086,20.016786575317383
151.024,2,-35.3591838,149.1651368,100.919,-27.05987760470237,13.13,-0.33,26.953000000000003,-5.20189784496421,-10.730599919573086,20.016786575317383
151.124,2,-35.359172,149.1651359,101.12,-26.5029508099687,13.14,-0.54,27.052999999999997,-5.208522082719326,-10.713715000889449,21.2020206451416
151.224,2,-35.3591603,149.1651354,101.18900000000001,-25.4823139347464,13.040000000000001,-0.37,27.15299999999999,-5.208522082719326,-10.713715000889449,21.2020206451416
151.324,2,-35.3591487,149.1651346,101.176,-23.97189273187895,13.05,-0.98,27.253000000000014,-5.208522082719326,-10.713715000889449,21.2020206451416
151.424,2,-35.359137,149.16513329999998,101.154,-21.780377017808874,13.040000000000001,-1.57,27.35300000000001,-5.208522082719326,-10.713715000889449,21.2020206451416
151.524,2,-35.359125399999996,149.16513129999998,101.151,-18.896232310575318,12.99,-2.06,27.453000000000003,-5.208522082719326,-10.713715000889449,21.2020206451416
151.624,2,-35.3591139,149.1651292,101.058,-15.759396217260678,12.83,-1.96,27.552999999999997,-5.236523770212857,-10.705668702571684,22.022218704223633
151.725,2,-35.3591025,149.1651269,100.944,-12.187052748314038,12.76,-2.3000000000000003,27.653999999999996,-5.236523770212857,-10.705668702571684,22.022218704223633
151.82500000000002,2,-35.359091,149.1651244,100.81,-8.415865397155402,12.6,-2.29,27.75400000000002,-5.236523770212857,-10.705668702571684,22.022218704223633
151.925,2,-35.359079699999995,149.1651219,100.61,-4.978764369530068,12.64,-2.44,27.854000000000013,-5.236523770212857,-10.705668702571684,22.022218704223633
152.024,2,-35.3590684,149.16511939999998,100.476,-1.7342617631726944,12.46,-2.39,27.953000000000003,-5.236523770212857,-10.705668702571684,22.022218704223633
152.124,2,-35.359057299999996,149.1651168,100.23100000000001,1.124556709340161,12.26,-2.34,28.052999999999997,-5.287979898894153,-10.708743324516101,21.734378814697266
152.224,2,-35.3590462,149.1651144,99.989,3.3683011724460297,12.280000000000001,-2.2600000000000002,28.15299999999999,-5.287979898894153,-10.708743324516101,21.734378814697266
152.324,2,-35.3590351,149.165112,99.998,4.8793074237045735,12.34,-2.19,28.253000000000014,-5.287979898894153,-10.708743324516101,21.734378814697266
152.424,2,-35.359024,149.1651095,99.87,6.024565369201985,12.200000000000001,-2.35,28.35300000000001,-5.287979898894153,-10.708743324516101,21.734378814697266
152.524,2,-35.3590131,149.16510689999998,99.673,7.056719224025394,12.02,-2.25,28.453000000000003,-5.287979898894153,-10.708743324516101,21.734378814697266
152.624,2,-35.3590024,149.1651044,99.556,7.859029102428234,11.66,-2.14,28.552999999999997,-5.351773559298051,-10.714874675875013,21.987613677978516
152.724,2,-35.3589921,149.16510209999998,99.57300000000001,8.552326600356732,11.34,-2.12,28.65299999999999,-5.351773559298051,-10.714874675875013,21.987613677978516
152.824,2,-35.3589821,149.16509969999998,99.571,9.282887049075882,11.14,-2.13,28.753000000000014,-5.351773559298051,-10.714874675875013,21.987613677978516
152.924,2,-35.3589723,149.16509739999998,99.55,9.915041547328071,10.92,-2.06,28.85300000000001,-5.351773559298051,-10.714874675875013,21.987613677978516
153.024,2,-35.3589626,149.1650951,99.53,10.442968212619514,10.790000000000001,-2.02,28.953000000000003,-5.351773559298051,-10.714874675875013,21.987613677978516
153.124,2,-35.3589531,149.1650929,99.48100000000001,10.782148576613176,10.64,-1.9000000000000001,29.052999999999997,-5.428289241938335,-10.724716473123914,21.120075225830078
153.224,2,-35.358943599999996,149.1650908,99.458,10.98628841675287,10.58,-1.96,29.15299999999999,-5.428289241938335,-10.724716473123914,21.120075225830078
153.324,2,-35.3589342,149.1650885,99.401,11.065970257383887,10.6,-2.21,29.253000000000014,-5.428289241938335,-10.724716473123914,21.120075225830078
153.424,2,-35.358924699999996,149.1650861,99.235,11.2309637220693,10.57,-1.98,29.35300000000001,-5.428289241938335,-10.724716473123914,21.120075225830078
153.524,2,-35.3589153,149.16508389999998,99.21900000000001,11.54120628209691,10.47,-1.9100000000000001,29.453000000000003,-5.428289241938335,-10.724716473123914,21.120075225830078
153.624,2,-35.358906,149.1650817,99.164,12.542306254972033,10.26,-1.8900000000000001,29.552999999999997,-5.502450525533778,-10.736205366951971,21.849241256713867
153.724,2,-35.3588971,149.1650798,99.194,13.84780129217159,9.73,-1.54,29.65299999999999,-5.502450525533778,-10.736205366951971,21.849241256713867
153.82500000000002,2,-35.3588885,149.1650781,99.263,15.095078358206898,9.43,-1.5,29.75400000000002,-5.502450525533778,-10.736205366951971,21.849241256713867
153.925,2,-35.3588802,149.1650765,99.284,15.944152834309524,9.0,-1.42,29.854000000000013,-5.502450525533778,-10.736205366951971,21.849241256713867
154.025,2,-35.3588725,149.1650751,99.488,15.925520078253728,8.13,-0.96,29.954000000000008,-5.502450525533778,-10.736205366951971,21.849241256713867
154.124,2,-35.358865,149.1650737,99.708,15.524857766446194,8.69,-1.62,30.052999999999997,-5.6091421478155885,-10.76181365107052,21.45876121520996
154.224,2,-35.3588573,149.1650721,99.735,15.11206503867272,8.43,-1.28,30.15299999999999,-5.6091421478155885,-10.76181365107052,21.45876121520996
154.324,2,-35.3588497,149.16507049999998,99.73400000000001,14.668430591702052,8.32,-1.5,30.253000000000014,-5.6091421478155885,-10.76181365107052,21.45876121520996
154.424,2,-35.3588423,149.16506909999998,99.69800000000001,14.220914889735523,8.07,-1.34,30.35300000000001,-5.6091421478155885,-10.76181365107052,21.45876121520996
154.524,2,-35.3588351,149.1650675,99.596,13.962349540968228,7.890000000000001,-1.36,30.453000000000003,-5.6091421478155885,-10.76181365107052,21.45876121520996
154.624,2,-35.3588281,149.1650663,99.55,13.876821058407682,7.67,-0.99,30.552999999999997,-5.700118564020119,-10.78691488991774,19.994503021240234
154.724,2,-35.3588212,149.1650652,99.48400000000001,14.08460907333781,7.58,-1.12,30.65299999999999,-5.700118564020119,-10.78691488991774,19.994503021240234
154.824,2,-35.3588145,149.1650641,99.32300000000001,14.609098445929442,7.34,-0.93,30.753000000000014,-5.700118564020119,-10.78691488991774,19.994503021240234
154.924,2,-35.358807999999996,149.1650632,99.196,15.071044630064915,7.03,-0.64,30.85300000000001,-5.700118564020119,-10.78691488991774,19.994503021240234
155.024,2,-35.358802,149.16506289999998,99.208,15.222722640963388,6.43,-0.08,30.953000000000003,-5.700118564020119,-10.78691488991774,19.994503021240234
155.124,2,-35.3587963,149.16506289999998,99.358,14.863596417045995,6.5600000000000005,-0.18,31.052999999999997,-5.78333419142512,-10.809627536583921,19.950321197509766
155.224,2,-35.3587905,149.1650628,99.382,14.314666920056764,6.5,0.0,31.15299999999999,-5.78333419142512,-10.809627536583921,19.950321197509766
155.324,2,-35.3587847,149.165063,99.452,13.28620777068751,6.5,0.14,31.253000000000014,-5.78333419142512,-10.809627536583921,19.950321197509766
155.424,2,-35.358778799999996,149.165063,99.371,12.054662337858034,6.61,0.15,31.35300000000001,-5.78333419142512,-10.809627536583921,19.950321197509766
155.524,2,-35.3587728,149.16506339999998,99.35900000000001,10.492133621812558,6.59,0.54,31.453000000000003,-5.78333419142512,-10.809627536583921,19.950321197509766
155.624,2,-35.3587668,149.165064,99.331,8.896648389248123,6.68,0.62,31.552999999999997,-5.860026118437212,-10.836337126724443,19.525083541870117
155.724,2,-35.3587607,149.1650646,99.281,7.484190882098873,6.75,0.64,31.65299999999999,-5.860026118437212,-10.836337126724443,19.525083541870117
155.824,2,-35.3587546,149.1650652,99.124,6.316313911391318,6.73,0.73,31.753000000000014,-5.860026118437212,-10.836337126724443,19.525083541870117
155.925,2,-35.3587486,149.1650659,99.087,5.1326489584172785,6.55,0.93,31.854000000000013,-5.860026118437212,-10.836337126724443,19.525083541870117
156.025,2,-35.3587426,149.1650669,99.20400000000001,3.904344877235797,6.53,1.0,31.954000000000008,-5.860026118437212,-10.836337126724443,19.525083541870117
156.125,2,-35.3587366,149.165068,99.285,2.7194321340777607,6.7,1.07,32.054,-5.9040127091776275,-10.850638723828176,17.638172149658203
156.224,2,-35.3587304,149.1650692,99.339,1.6112754559867406,6.79,1.19,32.15299999999999,-5.9040127091776275,-10.850638723828176,17.638172149658203
156.324,2,-35.358724099999996,149.1650706,99.509,0.5432657760634095,6.84,1.4000000000000001,32.253000000000014,-5.9040127091776275,-10.850638723828176,17.638172149658203
156.424,2,-35.3587177,149.1650722,99.637,-0.6158905905387733,7.07,1.55,32.35300000000001,-5.9040127091776275,-10.850638723828176,17.638172149658203
156.524,2,-35.3587111,149.165074,99.648,-1.9234638728758655,7.2700000000000005,1.59,32.453,-5.9040127091776275,-10.850638723828176,17.638172149658203
156.624,2,-35.3587044,149.16507579999998,99.668,-3.318770561575801,7.4,1.67,32.553,-5.931728784048302,-10.85825123638412,19.202016830444336
156.724,2,-35.3586976,149.1650776,99.764,-4.85385728508346,7.5600000000000005,1.62,32.65299999999999,-5.931728784048302,-10.85825123638412,19.202016830444336
156.824,2,-35.358690599999996,149.1650794,99.911,-6.352038362071423,7.66,1.59,32.753000000000014,-5.931728784048302,-10.85825123638412,19.202016830444336
156.924,2,-35.3586837,149.16508109999998,99.938,-7.769426412027776,7.68,1.6300000000000001,32.85300000000001,-5.931728784048302,-10.85825123638412,19.202016830444336
157.024,2,-35.358676599999995,149.1650827,99.995,-9.002507783646857,7.9,1.44,32.953,-5.931728784048302,-10.85825123638412,19.202016830444336
157.124,2,-35.3586694,149.1650842,100.089,-9.920418613752163,7.98,1.25,33.053,-5.966707457975535,-10.86887086441397,19.627588272094727
157.224,2,-35.3586622,149.1650855,100.169,-10.782117840761911,8.06,1.1,33.15299999999999,-5.966707457975535,-10.86887086441397,19.627588272094727
157.324,2,-35.3586548,149.1650864,100.267,-11.385325997311588,8.22,0.75,33.253000000000014,-5.966707457975535,-10.86887086441397,19.627588272094727
157.424,2,-35.358647399999995,149.1650871,100.297,-11.59475496518981,8.290000000000001,0.62,33.35300000000001,-5.966707457975535,-10.86887086441397,19.627588272094727
157.524,2,-35.3586399,149.1650877,100.277,-11.262200738464706,8.370000000000001,0.5700000000000001,33.453,-5.966707457975535,-10.86887086441397,19.627588272094727
157.624,2,-35.358632199999995,149.1650881,100.261,-10.396548539472814,8.48,0.38,33.553,-6.009202949509268,-10.885526632518468,20.022340774536133
157.724,2,-35.3586245,149.1650884,100.285,-9.118891645782936,8.64,0.4,33.65299999999999,-6.009202949509268,-10.885526632518468,20.022340774536133
157.824,2,-35.3586167,149.1650888,100.197,-7.786413946267244,8.53,0.45,33.753000000000014,-6.009202949509268,-10.885526632518468,20.022340774536133
157.925,2,-35.358609,149.1650893,100.052,-6.536127755015722,8.77,0.37,33.85400000000001,-6.009202949509268,-10.885526632518468,20.022340774536133
158.025,2,-35.358601,149.1650896,100.035,-5.394720328662905,8.78,0.38,33.95400000000001,-6.009202949509268,-10.885526632518468,20.022340774536133
158.125,2,-35.3585931,149.16509,99.96900000000001,-4.606609559770876,8.74,0.35000000000000003,34.054,-6.044713712669238,-10.904433407490187,20.350818634033203
158.225,2,-35.3585851,149.1650903,99.854,-4.366079752393822,8.96,0.21,34.153999999999996,-6.044713712669238,-10.904433407490187,20.350818634033203
158.324,2,-35.3585768,149.1650904,99.895,-4.585505982782829,9.120000000000001,0.03,34.253000000000014,-6.044713712669238,-10.904433407490187,20.350818634033203
158.424,2,-35.358568399999996,149.1650904,99.86,-4.931113554785473,9.28,-0.04,34.35300000000001,-6.044713712669238,-10.904433407490187,20.350818634033203
158.524,2,-35.3585598,149.16509019999998,99.852,-5.025739849320477,9.48,-0.11,34.453,-6.044713712669238,-10.904433407490187,20.350818634033203
158.624,2,-35.3585511,149.16509,99.785,-4.758306353689566,9.6,-0.11,34.553,-6.075176395357051,-10.920996469760915,18.26094627380371
158.724,2,-35.358542199999995,149.1650898,99.785,-4.081319774385881,9.78,-0.11,34.65299999999999,-6.075176395357051,-10.920996469760915,18.26094627380371
158.824,2,-35.3585332,149.16508969999998,99.848,-3.1721923541098005,9.950000000000001,0.05,34.753000000000014,-6.075176395357051,-10.920996469760915,18.26094627380371
158.924,2,-35.3585241,149.1650899,99.76,-2.1491096308344035,10.120000000000001,0.26,34.85300000000001,-6.075176395357051,-10.920996469760915,18.26094627380371
159.024,2,-35.3585148,149.1650903,99.59700000000001,-1.3321158062113876,10.36,0.5,34.953,-6.075176395357051,-10.920996469760915,18.26094627380371
159.124,2,-35.3585053,149.165091,99.471,-0.8760580989141125,10.700000000000001,0.77,35.053,-6.047375113046994,-10.911915654286865,16.450647354125977
159.224,2,-35.358495399999995,149.16509209999998,99.447,-0.7938269435362432,11.120000000000001,1.23,35.15299999999999,-6.047375113046994,-10.911915654286865,16.450647354125977
159.324,2,-35.3584853,149.1650937,99.423,-1.1681936140086089,11.31,1.6,35.253000000000014,-6.047375113046994,-10.911915654286865,16.450647354125977
159.424,2,-35.358475,149.1650957,99.403,-2.443470293494443,11.65,1.95,35.35300000000001,-6.047375113046994,-10.911915654286865,16.450647354125977
159.524,2,-35.3584642,149.165098,99.563,-4.62411960348185,12.030000000000001,2.24,35.453,-6.047375113046994,-10.911915654286865,16.450647354125977
159.624,2,-35.3584533,149.1651005,99.69200000000001,-7.644048044528437,12.35,2.45,35.553,-5.992159529184608,-10.884532254620975,16.063655853271484
159.724,2,-35.358442,149.1651032,99.73100000000001,-11.311468600495301,12.68,2.33,35.65299999999999,-5.992159529184608,-10.884532254620975,16.063655853271484
159.824,2,-35.358430399999996,149.1651056,99.908,-14.992700652737577,13.040000000000001,2.02,35.753000000000014,-5.992159529184608,-10.884532254620975,16.063655853271484
159.924,2,-35.3584184,149.1651076,100.183,-18.179631060972383,13.530000000000001,1.6600000000000001,35.85300000000001,-5.992159529184608,-10.884532254620975,16.063655853271484
160.025,2,-35.358406099999996,149.1651096,100.46000000000001,-20.554977901458766,13.71,2.38,35.95400000000001,-5.992159529184608,-10.884532254620975,16.063655853271484
160.125,2,-35.3583934,149.1651125,100.467,-22.29809681915938,14.22,2.46,36.054,-5.918421151862197,-10.835002155070566,17.729110717773438
160.225,2,-35.3583803,149.1651152,100.497,-23.045584184189114,14.57,2.46,36.153999999999996,-5.918421151862197,-10.835002155070566,17.729110717773438
160.32500000000002,2,-35.3583668,149.165118,100.43,-23.63208057538706,14.91,2.65,36.25400000000002,-5.918421151862197,-10.835002155070566,17.729110717773438
160.424,2,-35.3583528,149.1651206,100.382,-24.05828096450127,15.700000000000001,2.3000000000000003,36.35300000000001,-5.918421151862197,-10.835002155070566,17.729110717773438
160.524,2,-35.358337999999996,149.1651228,100.413,-24.37683074210691,16.42,2.1,36.453,-5.918421151862197,-10.835002155070566,17.729110717773438
160.624,2,-35.358323,149.1651253,100.364,-24.8928686093743,16.580000000000002,2.57,36.553,-5.891266360224105,-10.809563087870334,16.577411651611328
160.724,2,-35.358307599999996,149.1651282,100.158,-25.947063911536162,17.44,2.15,36.65299999999999,-5.891266360224105,-10.809563087870334,16.577411651611328
160.824,2,-35.3582914,149.1651302,100.09100000000001,-26.886337865817975,18.28,1.41,36.753000000000014,-5.891266360224105,-10.809563087870334,16.577411651611328
160.924,2,-35.3582745,149.1651314,100.169,-27.61703833341511,18.98,0.86,36.85300000000001,-5.891266360224105,-10.809563087870334,16.577411651611328
161.024,2,-35.358257099999996,149.1651319,100.36200000000001,-28.048221345528844,19.64,0.42,36.953,-5.891266360224105,-10.809563087870334,16.577411651611328
161.124,2,-35.3582392,149.1651322,100.542,-28.24997147323268,20.13,0.16,37.053,-5.89359812083225,-10.805452420465183,17.267080307006836
161.224,2,-35.358221,149.1651321,100.724,-27.810546130338032,20.59,-0.2,37.15299999999999,-5.89359812083225,-10.805452420465183,17.267080307006836
161.324,2,-35.358202399999996,149.1651315,100.866,-26.569575890227586,20.98,-0.93,37.253000000000014,-5.89359812083225,-10.805452420465183,17.267080307006836
161.424,2,-35.358183499999996,149.1651301,101.023,-24.17401339734526,21.27,-1.47,37.35300000000001,-5.89359812083225,-10.805452420465183,17.267080307006836
161.524,2,-35.3581643,149.16512799999998,101.34100000000001,-20.379739153018335,21.6,-2.31,37.453,-5.89359812083225,-10.805452420465183,17.267080307006836
161.624,2,-35.3581449,149.165126,101.57000000000001,-16.316389606338756,21.91,-1.22,37.553,-5.896889111432333,-10.800197268908926,18.61627960205078
161.724,2,-35.358125099999995,149.1651253,101.35600000000001,-12.456948527140737,22.27,-0.8300000000000001,37.65299999999999,-5.896889111432333,-10.800197268908926,18.61627960205078
161.824,2,-35.358105,149.16512459999998,101.168,-8.28708218035481,22.48,-0.8300000000000001,37.753000000000014,-5.896889111432333,-10.800197268908926,18.61627960205078
161.924,2,-35.3580849,149.165124,100.927,-4.761885372814653,22.54,-0.63,37.85300000000001,-5.896889111432333,-10.800197268908926,18.61627960205078
162.024,2,-35.3580648,149.1651235,100.507,-2.69172632548325,22.63,-0.49,37.953,-5.896889111432333,-10.800197268908926,18.61627960205078
162.125,2,-35.3580445,149.1651231,100.07600000000001,-2.2437395539074028,22.78,-0.43,38.054,-5.89570984342783,-10.800572696813761,20.208351135253906
162.225,2,-35.3580239,149.1651226,99.625,-3.187904137078357,23.13,-0.51,38.153999999999996,-5.89570984342783,-10.800572696813761,20.208351135253906
162.32500000000002,2,-35.358002899999995,149.165122,99.21900000000001,-5.2389480462438325,23.43,-0.75,38.25400000000002,-5.89570984342783,-10.800572696813761,20.208351135253906
162.425,2,-35.357981599999995,149.1651209,98.946,-7.6431635350309195,24.03,-1.25,38.35400000000001,-5.89570984342783,-10.800572696813761,20.208351135253906
162.524,2,-35.357959699999995,149.1651193,98.791,-9.4199885825119,24.37,-1.58,38.453,-5.89570984342783,-10.800572696813761,20.208351135253906
162.624,2,-35.3579376,149.16511749999998,98.661,-10.023709857022974,24.61,-1.86,38.553,-5.8970822712851225,-10.796987346899344,20.787700653076172
162.724,2,-35.3579152,149.165115,98.745,-9.138982647226529,24.8,-2.33,38.65299999999999,-5.8970822712851225,-10.796987346899344,20.787700653076172
162.824,2,-35.3578927,149.1651123,98.864,-7.063134906090151,24.91,-2.6,38.753000000000014,-5.8970822712851225,-10.796987346899344,20.787700653076172
162.924,2,-35.3578702,149.16510929999998,99.083,-4.15174670869153,25.060000000000002,-2.57,38.85300000000001,-5.8970822712851225,-10.796987346899344,20.787700653076172
163.024,2,-35.3578476,149.16510639999998,99.407,-0.6117128092833998,25.03,-2.59,38.953,-5.8970822712851225,-10.796987346899344,20.787700653076172
163.124,2,-35.3578252,149.1651035,99.769,3.035806923319574,25.14,-2.54,39.053,-5.896446723303037,-10.79852209986722,21.64875030517578
163.224,2,-35.3578027,149.1651006,100.031,6.240852700780548,25.18,-2.7,39.15299999999999,-5.896446723303037,-10.79852209986722,21.64875030517578
163.324,2,-35.3577803,149.16509739999998,100.227,8.866323203106912,25.2,-2.98,39.253000000000014,-5.896446723303037,-10.79852209986722,21.64875030517578
163.424,2,-35.357758,149.1650941,100.37,11.294630476643926,24.84,-2.91,39.35300000000001,-5.896446723303037,-10.79852209986722,21.64875030517578
163.524,2,-35.3577363,149.165091,100.683,13.259129485722994,24.52,-2.8000000000000003,39.453,-5.896446723303037,-10.79852209986722,21.64875030517578
163.624,2,-35.3577145,149.16508779999998,100.86500000000001,15.102711094604388,24.39,-2.87,39.553,-5.89639745223195,-10.800816650578309,23.613473892211914
163.724,2,-35.3576931,149.1650848,101.013,16.5204158945835,23.69,-2.43,39.65299999999999,-5.89639745223195,-10.800816650578309,23.613473892211914
163.824,2,-35.3576723,149.1650823,101.383,17.187569989690125,23.55,-2.45,39.753000000000014,-5.89639745223195,-10.800816650578309,23.613473892211914
163.924,2,-35.3576512,149.16507909999999,101.423,18.051722108385555,23.67,-2.84,39.85300000000001,-5.89639745223195,-10.800816650578309,23.613473892211914
164.024,2,-35.3576303,149.1650761,101.437,18.64366045280471,23.0,-2.48,39.953,-5.89639745223195,-10.800816650578309,23.613473892211914
164.124,2,-35.3576103,149.1650736,101.59700000000001,18.800071784798003,22.34,-2.31,40.053,-5.822555168729699,-10.810023909379854,25.614797592163086
164.225,2,-35.357590699999996,149.16507099999998,101.771,19.074326078088816,21.84,-2.47,40.153999999999996,-5.822555168729699,-10.810023909379854,25.614797592163086
164.32500000000002,2,-35.3575713,149.16506809999998,101.839,19.945789914290742,21.38,-2.74,40.25400000000002,-5.822555168729699,-10.810023909379854,25.614797592163086
164.425,2,-35.3575526,149.1650652,101.812,20.967174695227158,20.41,-2.4,40.35400000000001,-5.822555168729699,-10.810023909379854,25.614797592163086
164.524,2,-35.357534699999995,149.1650627,101.84100000000001,21.824858624778585,19.76,-2.45,40.453,-5.822555168729699,-10.810023909379854,25.614797592163086
164.624,2,-35.3575173,149.1650598,101.771,22.571169489723783,19.21,-2.88,40.553,-5.749956346682668,-10.816866039557326,26.245847702026367
164.724,2,-35.3575004,149.16505669999998,101.57000000000001,23.299035428815362,18.51,-2.84,40.65299999999999,-5.749956346682668,-10.816866039557326,26.245847702026367
164.824,2,-35.3574842,149.16505379999998,101.358,23.979228355047542,17.6,-2.17,40.753000000000014,-5.749956346682668,-10.816866039557326,26.245847702026367
164.924,2,-35.3574687,149.1650511,101.23700000000001,24.368369845272557,17.02,-2.5,40.85300000000001,-5.749956346682668,-10.816866039557326,26.245847702026367
165.024,2,-35.3574538,149.1650482,101.043,24.88795941090835,16.35,-2.5300000000000002,40.953,-5.749956346682668,-10.816866039557326,26.245847702026367
165.124,2,-35.3574395,149.1650453,100.83800000000001,25.490482840993735,15.72,-2.65,41.053,-5.769027783232156,-10.823130492674563,25.73953628540039
165.224,2,-35.357425899999996,149.1650426,100.644,26.163676530873946,14.950000000000001,-2.11,41.15299999999999,-5.769027783232156,-10.823130492674563,25.73953628540039
165.324,2,-35.357413,149.1650405,100.548,26.836846315092064,14.34,-2.04,41.253000000000014,-5.769027783232156,-10.823130492674563,25.73953628540039
165.424,2,-35.3574007,149.1650387,100.458,27.864601954976806,13.66,-1.34,41.35300000000001,-5.769027783232156,-10.823130492674563,25.73953628540039
165.524,2,-35.3573889,149.1650378,100.46900000000001,28.40097158785603,13.120000000000001,-0.85,41.453,-5.769027783232156,-10.823130492674563,25.73953628540039
