course,case,controller,time_s,coverage_percent,mean_overrun_m,failure,source
raster,raster-040-w10-d090,L1,557.901,100.0,,,/workspace/scratch/plane-trajectory/flexible-line-comparison/raster/raster-040-w10-d090-L1.csv
raster,raster-040-w10-d090,Previous sampled exits,819.6,100.0,,,/workspace/scratch/plane-trajectory/raster-soft-turn-cost/raster-040-w10-d090-line.csv
raster,raster-040-w10-d090,Flexible line join,490.89899999999994,100.0,,,/workspace/scratch/plane-trajectory/flexible-line-comparison/raster/raster-040-w10-d090-line.csv
raster,raster-040-w05-d000,L1,576.2,99.25925925925925,,,/workspace/scratch/plane-trajectory/flexible-line-comparison/raster/raster-040-w05-d000-L1.csv
raster,raster-040-w05-d000,Previous sampled exits,692.1990000000001,97.03703703703704,,,/workspace/scratch/plane-trajectory/raster-soft-turn-cost/raster-040-w05-d000-line.csv
raster,raster-040-w05-d000,Flexible line join,568.999,100.0,,,/workspace/scratch/plane-trajectory/flexible-line-comparison/raster/raster-040-w05-d000-line.csv
raster,raster-160-w10-d000,L1,272.5,98.33333333333333,,,/workspace/scratch/plane-trajectory/flexible-line-comparison/raster/raster-160-w10-d000-L1.csv
raster,raster-160-w10-d000,Previous sampled exits,246.10000000000002,95.55555555555556,,,/workspace/scratch/plane-trajectory/raster-soft-turn-cost/raster-160-w10-d000-line.csv
raster,raster-160-w10-d000,Flexible line join,251.40000000000003,100.0,,,/workspace/scratch/plane-trajectory/flexible-line-comparison/raster/raster-160-w10-d000-line.csv
torture,wind-0,L1,339.0,,45.74899556517538,,/workspace/scratch/plane-trajectory/flexible-line-comparison/torture/WaypointLineTrajectory-L1-wind0.csv
torture,wind-0,Previous sampled exits,319.201,,28.92161118666365,,/workspace/scratch/plane-trajectory/flexible-line-comparison/baseline/WaypointLineTrajectory-planned-wind0.csv
torture,wind-0,Flexible line join,318.69899999999996,,29.346902929419713,,/workspace/scratch/plane-trajectory/flexible-line-comparison/torture/WaypointLineTrajectory-planned-wind0.csv
torture,wind-5,L1,361.40000000000003,,49.75425574193299,,/workspace/scratch/plane-trajectory/flexible-line-comparison/torture/WaypointLineTrajectory-L1-wind5.csv
torture,wind-5,Previous sampled exits,337.899,,28.091905310368684,,/workspace/scratch/plane-trajectory/flexible-line-comparison/baseline/WaypointLineTrajectory-planned-wind5.csv
torture,wind-5,Flexible line join,332.499,,28.625077507126992,,/workspace/scratch/plane-trajectory/flexible-line-comparison/torture/WaypointLineTrajectory-planned-wind5.csv
torture,wind-10,L1,413.099,,57.75948546063865,,/workspace/scratch/plane-trajectory/flexible-line-comparison/torture/WaypointLineTrajectory-L1-wind10.csv
torture,wind-10,Previous sampled exits,400.6,,40.31624699026481,,/workspace/scratch/plane-trajectory/flexible-line-comparison/baseline/WaypointLineTrajectory-planned-wind10.csv
torture,wind-10,Flexible line join,366.801,,33.37273981060036,,/workspace/scratch/plane-trajectory/flexible-line-comparison/torture/WaypointLineTrajectory-planned-wind10.csv
