scenario,course,stratum,seed,L1_success,trajectory_success,L1_time_s,trajectory_time_s,paired_time_change_percent,L1_coverage_percent,trajectory_coverage_percent,trajectory_fallback_events,L1_mean_overrun_m,trajectory_mean_overrun_m,excluded_internal_legs
torture-mild-00,torture,mild,20261008,True,True,335.78,316.7,-5.682291976889631,,,0,44.1561962028567,27.849378978650332,[]
torture-mild-01,torture,mild,20261009,True,True,343.18,320.859,-6.50416690949357,,,0,45.73032274366739,28.897940000412305,[]
torture-moderate-00,torture,moderate,20261108,True,True,394.341,371.501,-5.791941492261776,,,0,46.91811575635449,30.7011777301548,[]
torture-moderate-01,torture,moderate,20261109,True,True,356.42,334.45900000000006,-6.161550979181851,,,0,44.883629205961135,29.505674527605915,[]
torture-severe-00,torture,severe,20261208,True,True,419.4789999999999,420.061,0.13874353662519656,,,0,56.543327695220526,44.09930772264082,[]
torture-severe-01,torture,severe,20261209,True,True,414.6600000000001,407.46000000000004,-1.7363623209376455,,,0,53.3187585285974,49.08526029129206,[]
torture-stress-00,torture,stress,20261308,True,True,478.96000000000004,455.78,-4.8396525805912916,,,1,59.630696563618045,52.477129666248025,[12]
torture-stress-01,torture,stress,20261309,True,True,435.88,466.1,6.933100853445917,,,0,59.21329423623417,42.26509450101421,[]
raster40-mild-00,raster40,mild,20271008,True,True,533.1600000000001,569.4200000000001,6.800960312101423,100.0,100.0,0,,,"[3, 5, 7, 9, 11, 13, 15, 17]"
raster40-mild-01,raster40,mild,20271009,True,True,523.38,543.78,3.8977416026596323,100.0,100.0,0,,,"[3, 5, 7, 9, 11, 13, 15, 17]"
raster40-moderate-00,raster40,moderate,20271108,True,True,520.86,506.499,-2.7571708328533506,100.0,100.0,0,,,"[3, 5, 7, 9, 11, 13, 15, 17]"
raster40-moderate-01,raster40,moderate,20271109,True,True,557.579,530.361,-4.881460743679367,97.4074074074074,100.0,0,,,"[3, 5, 7, 9, 11, 13, 15, 17]"
raster40-severe-00,raster40,severe,20271208,True,True,634.4200000000001,570.279,-10.110179376438333,92.22222222222223,99.62962962962963,0,,,"[3, 5, 7, 9, 11, 13, 15, 17]"
raster40-severe-01,raster40,severe,20271209,True,True,621.1800000000001,597.0,-3.892591519366373,92.77777777777777,100.0,0,,,"[3, 5, 7, 9, 11, 13, 15, 17]"
raster40-stress-00,raster40,stress,20271308,True,True,821.64,798.18,-2.8552650795969137,86.29629629629629,99.62962962962963,1,,,"[3, 5, 7, 9, 11, 13, 15, 17]"
raster40-stress-01,raster40,stress,20271309,True,True,779.919,642.879,-17.571055455758867,91.48148148148148,99.07407407407408,0,,,"[3, 5, 7, 9, 11, 13, 15, 17]"
raster160-mild-00,raster160,mild,20281008,True,True,197.08000000000004,172.341,-12.552770448548822,100.0,100.0,0,,,"[3, 5]"
raster160-mild-01,raster160,mild,20281009,True,True,205.68099999999998,180.899,-12.048755111070042,100.0,100.0,0,,,"[3, 5]"
raster160-moderate-00,raster160,moderate,20281108,True,True,200.921,200.56,-0.17967260764180093,100.0,100.0,0,,,[]
raster160-moderate-01,raster160,moderate,20281109,True,True,201.86,204.661,1.3875953631229399,100.0,100.0,0,,,[]
raster160-severe-00,raster160,severe,20281208,True,True,224.56,220.26,-1.9148557178482406,100.0,100.0,0,,,[]
raster160-severe-01,raster160,severe,20281209,True,True,324.4,287.961,-11.232737361282352,97.22222222222223,100.0,0,,,"[3, 5]"
raster160-stress-00,raster160,stress,20281308,True,True,285.28000000000003,286.48,0.4206393718451995,96.66666666666667,99.44444444444444,1,,,"[3, 5]"
raster160-stress-01,raster160,stress,20281309,True,True,227.07999999999998,228.019,0.41351065703718604,100.0,100.0,0,,,[]
