spacing_m,survey_lines,wind_mps,wind_from_deg,controller,completed,failure,course_duration_s,survey_duration_s,line_coverage_percent,survey_line_rms_m,minimum_row_coverage_percent,planned_raster_corners,raster_turn_corners
40,9,0,0,L1,True,,527.381,473.41900000000004,100.0,0.2837591871912049,100.0,0,16
40,9,0,0,line planner,True,,628.599,575.499,100.0,11.468291502836175,100.0,16,16
40,9,5,0,L1,True,,576.8,510.1000000000001,99.07407407407408,0.41607853901173053,96.66666666666667,0,16
40,9,5,0,line planner,True,,692.1990000000001,617.4,97.03703703703704,15.196469588056349,93.33333333333333,16,16
40,9,5,45,L1,True,,547.1990000000001,482.09900000000005,100.0,0.2627625340028441,100.0,0,16
40,9,5,45,line planner,True,,633.499,568.099,100.0,0.38717367437918526,100.0,16,16
40,9,5,90,L1,True,,521.0,462.7,100.0,0.2627988802513173,100.0,0,16
40,9,5,90,line planner,True,,636.0,577.801,100.0,0.31444780226024327,100.0,16,16
40,9,10,0,L1,True,,701.6,635.399,93.33333333333333,0.7916707011165344,85.0,0,16
40,9,10,0,line planner,True,,699.6,628.6000000000001,100.0,0.264465524278454,100.0,16,16
40,9,10,45,L1,True,,618.9,553.7,100.0,0.3116470871879107,100.0,0,16
40,9,10,45,line planner,True,,766.799,701.7,100.0,0.585826417542503,100.0,16,16
40,9,10,90,L1,True,,557.399,491.3,100.0,0.2794704242259125,100.0,0,16
40,9,10,90,line planner,True,,819.6,752.5999999999999,100.0,0.29926093146587,100.0,16,16
80,5,0,0,L1,True,,302.70000000000005,248.399,100.0,0.23193234185440756,100.0,0,8
80,5,0,0,line planner,True,,348.0,294.101,100.0,6.072386421164922,100.0,8,8
80,5,5,0,L1,True,,338.3,271.1,100.0,0.27582240096859056,100.0,0,8
80,5,5,0,line planner,True,,371.4,298.4,100.0,0.2704711277715068,100.0,8,8
80,5,5,45,L1,True,,324.1,258.3,100.0,0.24719939001973992,100.0,0,8
80,5,5,45,line planner,True,,312.099,246.69900000000004,100.0,0.384236209907529,100.0,8,8
80,5,5,90,L1,True,,304.799,246.10000000000002,100.0,0.2433115753914221,100.0,0,8
80,5,5,90,line planner,True,,291.5,233.2,100.0,0.29459405816577516,100.0,8,8
80,5,10,0,L1,True,,414.79900000000004,348.499,96.66666666666667,0.4310664339909543,91.66666666666667,0,8
80,5,10,0,line planner,True,,405.201,333.799,100.0,0.25485924801148835,100.0,8,8
80,5,10,45,L1,True,,374.90000000000003,310.6,100.0,0.2562103198025886,100.0,0,8
80,5,10,45,line planner,True,,340.40000000000003,275.30100000000004,100.0,0.26831641205550866,100.0,8,8
80,5,10,90,L1,True,,340.8,274.70000000000005,100.0,0.2680743852006324,100.0,0,8
80,5,10,90,line planner,True,,309.79999999999995,243.0,100.0,0.2876107365658466,100.0,8,8
160,3,0,0,L1,True,,195.39999999999998,140.719,100.0,0.2596777321057833,100.0,0,4
160,3,0,0,line planner,True,,167.10000000000002,113.181,100.0,0.581887241669351,100.0,4,4
160,3,5,0,L1,True,,226.0,158.2,100.0,0.2740199568452973,100.0,0,4
160,3,5,0,line planner,True,,207.28100000000003,131.6,100.0,0.9715419052778226,100.0,4,4
160,3,5,45,L1,True,,220.1,154.20000000000002,100.0,0.23796296339408657,100.0,0,4
160,3,5,45,line planner,True,,196.981,131.09999999999997,100.0,0.5840892975194453,100.0,4,4
160,3,5,90,L1,True,,205.40100000000004,147.09999999999997,100.0,0.27671889401308547,100.0,0,4
160,3,5,90,line planner,True,,204.88099999999997,146.519,100.0,0.28695747464098176,100.0,4,4
160,3,10,0,L1,True,,273.2,205.719,98.33333333333333,0.47095484569316326,95.0,0,4
160,3,10,0,line planner,True,,246.10000000000002,175.481,95.55555555555556,2.146166511323334,86.66666666666667,4,4
160,3,10,45,L1,True,,255.281,190.88099999999997,100.0,0.25942994402240305,100.0,0,4
160,3,10,45,line planner,True,,254.3,189.2,100.0,0.2647711744272789,100.0,4,4
160,3,10,90,L1,True,,236.781,168.88000000000002,100.0,0.23889594370447068,100.0,0,4
160,3,10,90,line planner,True,,239.7,171.3,100.0,0.25324725564881057,100.0,4,4
